<?xml version="1.0" encoding="UTF-8"?>
<project-private xmlns="http://www.netbeans.org/ns/project-private/1">
    <editor-bookmarks xmlns="http://www.netbeans.org/ns/editor-bookmarks/2" lastBookmarkId="0"/>
    <open-files xmlns="http://www.netbeans.org/ns/projectui-open-files/2">
        <group>
            <file>file:/E:/NetBeans/Logistic%20Management%20System/web/driver/driver.jsp</file>
            <file>file:/E:/NetBeans/Logistic%20Management%20System/web/employee/vehicleHire.jsp</file>
            <file>file:/E:/NetBeans/Logistic%20Management%20System/web/admin/vehicleHire.jsp</file>
            <file>file:/E:/NetBeans/Logistic%20Management%20System/src/java/com/logisticBean/vehicleHire_newBean.java</file>
            <file>file:/E:/NetBeans/Logistic%20Management%20System/web/admin/invoiceAdd.jsp</file>
        </group>
    </open-files>
</project-private>
